cycle,first(SEIR_maths).S,first(SEIR_maths).S,first(SEIR_maths).ES,first(SEIR_maths).ES,first(SEIR_maths).IS,first(SEIR_maths).IS,first(SEIR_maths).RS,first(SEIR_maths).RS,first(SEIR_maths).ER,first(SEIR_maths).ER,first(SEIR_maths).IR,first(SEIR_maths).IR,first(SEIR_maths).RR,first(SEIR_maths).RR
0,100,200,0,0,2,40,0,0,0,0,1,20,0,0
1,100.4961452,200.9922903,0.307656086,6.153121725,0.372979207,7.459584135,1.042968153,20.85936307,0.443444576,8.868891525,0.440182417,8.803648345,0.80200915,16.040183
2,101.3666493,202.7332985,0.18479943,3.695988607,0.094778195,1.895563897,1.361996914,27.23993827,0.285512496,5.710249916,0.226132244,4.522644876,1.326103307,26.52206614
3,102.3176866,204.6353731,0.095029775,1.900595504,0.047600318,0.952006361,1.450915552,29.01831104,0.157942199,3.158843974,0.121793352,2.43586704,1.59817212,31.9634424
4,103.2844493,206.5688986,0.052854695,1.057093909,0.039344085,0.786881698,1.460078915,29.20157831,0.090362513,1.807250258,0.068148727,1.362974544,1.728813409,34.57626818
5,104.2475483,208.4950966,0.035074237,0.701484745,0.037405151,0.748103024,1.440654952,28.81309903,0.057071189,1.141423787,0.04068512,0.813702393,1.787470219,35.74940438
6,105.1993582,210.3987164,0.02773522,0.55470441,0.036408296,0.728165913,1.411144384,28.22288768,0.040697335,0.813946705,0.026763956,0.53527912,1.810352914,36.20705828
7,106.1364905,212.272981,0.02459712,0.49194241,0.035529028,0.710580561,1.378429924,27.56859849,0.032466042,0.649320847,0.019729332,0.394586636,1.815484752,36.30969504
8,107.0574505,214.114901,0.023109407,0.462188136,0.034665346,0.693306921,1.345095953,26.90191906,0.028171247,0.563424939,0.016149042,0.322980847,1.811740262,36.23480523
9,107.9616631,215.9233262,0.022265804,0.44531608,0.033814843,0.676296853,1.31210689,26.2421378,0.025799297,0.515985937,0.014287795,0.285755894,1.803489101,36.06978203
10,108.8490085,217.6980171,0.021675237,0.433504742,0.03298254,0.659650796,1.279811944,25.59623887,0.024376732,0.487534647,0.013279078,0.265581563,1.792890696,35.85781391
11,109.7195915,219.439183,0.021186717,0.423734349,0.032170998,0.643419963,1.248326321,24.96652643,0.023428399,0.468567978,0.012693073,0.253861453,1.781018559,35.62037119
12,110.5736256,221.1472512,0.020742102,0.414842045,0.031380935,0.627618693,1.217676553,24.35353106,0.02272066,0.454413203,0.012317207,0.24634415,1.768411321,35.36822642
13,111.4113756,222.8227513,0.020319004,0.406380073,0.030612221,0.612244422,1.187855967,23.75711934,0.022138006,0.442760121,0.012046443,0.240928857,1.755343394,35.10686787
14,112.2331288,224.4662576,0.019908775,0.398175495,0.029864396,0.597287922,1.158845851,23.17691703,0.021623063,0.432461265,0.011828855,0.236577091,1.74195827,34.83916541
15,113.0391804,226.0783608,0.019508043,0.39016086,0.029136883,0.582737654,1.13062351,22.61247019,0.021147192,0.422943834,0.011638746,0.232774918,1.72833431,34.5666862
16,113.8298268,227.6596535,0.019115458,0.382309166,0.028429074,0.568581481,1.103165304,22.06330608,0.020695994,0.413919889,0.011463378,0.229267554,1.714517275,34.2903455
17,114.6053619,229.2107238,0.018730445,0.374608903,0.027740366,0.554807326,1.076447789,21.52895577,0.020262152,0.405243043,0.011296419,0.225928375,1.700536454,34.01072907
18,115.3660756,230.7321513,0.018352724,0.367054475,0.02707017,0.541403408,1.05044812,21.0089624,0.01984187,0.396837409,0.011134711,0.222694216,1.686412668,33.72825336
19,116.112253,232.2245061,0.017982127,0.359642538,0.026417916,0.528358318,1.025144186,20.50288373,0.019433115,0.388662305,0.010976669,0.21953337,1.67216226,33.44324519
20,116.8441739,233.6883479,0.01761853,0.352370593,0.025783052,0.515661039,1.000514638,20.01029276,0.019034735,0.380694701,0.010821488,0.216429756,1.657799082,33.15598164
21,117.5621129,235.1242257,0.017261823,0.345236452,0.025165047,0.503300943,0.976538877,19.53077753,0.018646024,0.372920474,0.010668753,0.213375061,1.643335504,32.86671008
22,118.2663391,236.5326782,0.016911902,0.338238039,0.024563389,0.491267775,0.953197034,19.06394067,0.018266502,0.36533004,0.010518242,0.210364847,1.628782916,32.57565831
23,118.9571167,237.9142334,0.016568666,0.331373311,0.023977582,0.479551647,0.930469942,18.60939884,0.017895809,0.357916174,0.010369831,0.207396612,1.614151994,32.28303988
24,119.6347045,239.269409,0.016232012,0.324640235,0.023407151,0.468143015,0.90833911,18.1667822,0.017533646,0.350672916,0.010223441,0.204468826,1.599452842,31.98905684
25,120.2993564,240.5987127,0.015901839,0.318036777,0.022851634,0.457032673,0.886786692,17.73573385,0.017179751,0.34359502,0.010079023,0.201580451,1.584695067,31.69390134
26,120.9513211,241.9026422,0.015578045,0.311560905,0.022310587,0.446211733,0.865795465,17.3159093,0.016833884,0.336677678,0.009936535,0.198730701,1.569887828,31.39775656
27,121.5908428,243.1816855,0.015260529,0.305210585,0.021783581,0.435671617,0.845348802,16.90697603,0.016495819,0.329916372,0.009795946,0.195918923,1.555039868,31.10079736
28,122.2181606,244.4363211,0.014949189,0.298983787,0.021270202,0.425404041,0.825430646,16.50861293,0.01616534,0.323306805,0.009657227,0.193144536,1.540159537,30.80319075
29,122.833509,245.6670181,0.014643924,0.292878488,0.02077005,0.415401006,0.806025494,16.12050989,0.015842243,0.316844855,0.00952035,0.190407,1.52525481,30.5050962
30,123.4371182,246.8742364,0.014344634,0.28689267,0.020282739,0.405654783,0.787118368,15.74236736,0.015526328,0.310526557,0.00938529,0.187705801,1.510333304,30.20666608
31,124.0292135,248.058427,0.014051216,0.281024326,0.019807895,0.396157908,0.768694797,15.37389593,0.015217404,0.304348085,0.009252022,0.185040445,1.495402292,29.90804584
32,124.610016,249.2200321,0.013763573,0.27527146,0.019345158,0.386903166,0.750740797,15.01481595,0.014915287,0.298305746,0.009120523,0.18241045,1.480468718,29.60937436
33,125.1797426,250.3594853,0.013481604,0.269632089,0.018894179,0.377883586,0.733242855,14.6648571,0.014619798,0.292395968,0.008990767,0.179815346,1.46553921,29.31078419
34,125.7386059,251.4772118,0.013205212,0.264104244,0.018454621,0.369092426,0.716187904,14.32375809,0.014330765,0.286615299,0.008862734,0.177254674,1.450620089,29.01240178
35,126.2868142,252.5736283,0.012934299,0.258685974,0.018026159,0.360523171,0.699563313,13.99126627,0.01404802,0.280960397,0.008736399,0.174727983,1.435717387,28.71434774
36,126.8245719,253.6491438,0.012668767,0.253375344,0.017608476,0.352169519,0.683356866,13.66713731,0.013771401,0.27542803,0.008611742,0.172234831,1.420836852,28.41673704
37,127.3520795,254.7041591,0.012408522,0.248170436,0.017201269,0.344025374,0.667556745,13.35113491,0.013500753,0.270015068,0.008488739,0.169774787,1.405983962,28.11967924
38,127.8695335,255.7390671,0.012153468,0.243069355,0.016804242,0.33608484,0.652151522,13.04303043,0.013235924,0.264718481,0.008367371,0.167347424,1.391163936,27.82327872
39,128.3771266,256.7542533,0.011903511,0.238070224,0.016417111,0.328342212,0.637130134,12.74260269,0.012976767,0.259535335,0.008247616,0.164952324,1.376381742,27.52763484
40,128.8750478,257.7500957,0.011658559,0.233171187,0.016039598,0.320791968,0.62248188,12.44963759,0.012723139,0.254462785,0.008129454,0.162589077,1.361642108,27.23284216
41,129.3634824,258.7269648,0.011418521,0.22837041,0.015671438,0.313428764,0.608196398,12.16392795,0.012474904,0.249498077,0.008012864,0.16025728,1.34694953,26.93899061
42,129.8426121,259.6852242,0.011183304,0.223666083,0.015312371,0.306247428,0.594263658,11.88527317,0.012231927,0.244638542,0.007897827,0.157956534,1.332308283,26.64616567
43,130.3126151,260.6252303,0.010952821,0.219056418,0.014962148,0.29924295,0.580673951,11.61347902,0.011994079,0.23988159,0.007784323,0.15568645,1.317722427,26.35444855
44,130.7736662,261.5473325,0.010726982,0.21453965,0.014620524,0.29241048,0.567417871,11.34835743,0.011761236,0.235224711,0.007672332,0.153446643,1.303195818,26.06391635
45,131.2259368,262.4518735,0.010505702,0.210114038,0.014287266,0.285745319,0.55448631,11.08972621,0.011533274,0.230665472,0.007561837,0.151236735,1.288732111,25.77464222
46,131.6695948,263.3391896,0.010288893,0.205777865,0.013962146,0.279242916,0.541870444,10.83740888,0.011310076,0.226201511,0.007452818,0.149056352,1.274334775,25.4866955
47,132.1048052,264.2096103,0.010076472,0.20152944,0.013644943,0.272898862,0.529561722,10.59123445,0.011091527,0.221830536,0.007345256,0.146905128,1.260007093,25.20014187
48,132.5317294,265.0634589,0.009868355,0.197367094,0.013335444,0.266708884,0.517551862,10.35103723,0.010877516,0.217550324,0.007239135,0.1447827,1.245752175,24.9150435
49,132.9505262,265.9010524,0.009664459,0.193289186,0.013033442,0.260668841,0.505832831,10.11665663,0.010667936,0.213358715,0.007134436,0.142688712,1.231572959,24.63145919
50,133.3613508,266.7227016,0.009464705,0.189294096,0.012738736,0.254774718,0.494396849,9.887936974,0.010462681,0.209253615,0.007031141,0.140622812,1.217472224,24.34944447
51,133.7643558,267.5287116,0.009269012,0.185380232,0.012451131,0.249022624,0.483236367,9.664727346,0.010261649,0.205232988,0.006929233,0.138584654,1.203452588,24.06905176
52,134.1596906,268.3193812,0.009077301,0.181546026,0.012170439,0.243408786,0.47234407,9.446881405,0.010064743,0.201294855,0.006828695,0.136573895,1.189516524,23.79033048
53,134.5475019,269.0950038,0.008889497,0.177789935,0.011896477,0.237929543,0.461712862,9.234257235,0.009871865,0.197437298,0.00672951,0.134590197,1.175666357,23.51332715
54,134.9279334,269.8558669,0.008705522,0.174110441,0.011629067,0.232581347,0.451335859,9.026717183,0.009682922,0.193658448,0.006631661,0.132633229,1.161904275,23.23808551
55,135.3011263,270.6022526,0.008525303,0.17050605,0.011368038,0.227360754,0.441206386,8.82412772,0.009497825,0.189956493,0.006535133,0.13070266,1.148232332,22.96464665
56,135.6672187,271.3344374,0.008348765,0.166975294,0.011113221,0.222264424,0.431317965,8.626359292,0.009316483,0.186329667,0.006439908,0.128798167,1.134652454,22.69304908
57,136.0263464,272.0526928,0.008175837,0.16351673,0.010864456,0.217289115,0.421664309,8.433286184,0.009138813,0.182776257,0.006345971,0.126919429,1.121166443,22.42332886
58,136.3786424,272.7572847,0.008006447,0.160128938,0.010621584,0.212431683,0.41223932,8.244786394,0.00896473,0.179294595,0.006253306,0.12506613,1.107775983,22.15551965
59,136.7242371,273.4484741,0.007840526,0.156810522,0.010384454,0.207689073,0.403037075,8.060741504,0.008794153,0.175883059,0.006161898,0.123237957,1.094482644,21.88965288
60,137.0632585,274.126517,0.007678006,0.153560113,0.010152916,0.203058322,0.394051828,7.881036555,0.008627003,0.17254007,0.00607173,0.121434602,1.081287888,21.62575776
61,137.3958321,274.7916643,0.007518818,0.150376363,0.009926828,0.198536551,0.385277997,7.70555994,0.008463205,0.169264093,0.005982788,0.119655759,1.06819307,21.36386139
62,137.7220811,275.4441622,0.007362897,0.14725795,0.009706048,0.194120968,0.376710164,7.534203281,0.008302682,0.166053633,0.005895056,0.117901128,1.055199444,21.10398889
63,138.0421261,276.0842522,0.007210179,0.144203573,0.009490443,0.189808858,0.368343067,7.366861332,0.008145362,0.162907236,0.005808521,0.116170411,1.04230817,20.84616341
64,138.3560855,276.7121711,0.007060598,0.141211956,0.009279879,0.185597586,0.360171593,7.203431866,0.007991174,0.159823486,0.005723166,0.114463314,1.029520312,20.59040624
65,138.6640755,277.3281511,0.006914092,0.138281847,0.00907423,0.181484592,0.352190779,7.043815584,0.00784005,0.156801003,0.005638977,0.112779545,1.016836845,20.3367369
66,138.96621,277.93242,0.006770601,0.135412014,0.008873369,0.177467388,0.344395801,6.88791601,0.007691922,0.153838444,0.005555941,0.111118818,1.004258659,20.08517318
67,139.2626007,278.5252014,0.006630062,0.13260125,0.008677178,0.173543558,0.33678197,6.735639409,0.007546725,0.1509345,0.005474042,0.109480848,0.991786561,19.83573122
68,139.5533571,279.1067142,0.006492418,0.129848368,0.008485538,0.169710753,0.329344734,6.586894689,0.007404395,0.148087898,0.005393268,0.107865354,0.979421279,19.58842558
69,139.8385867,279.6771734,0.00635761,0.127152206,0.008298335,0.165966692,0.322079666,6.441593321,0.00726487,0.145297395,0.005313603,0.10627206,0.967163466,19.34326932
70,140.118395,280.2367899,0.006225581,0.12451162,0.008115458,0.162309156,0.314982463,6.299649253,0.007128089,0.142561781,0.005235034,0.104700689,0.955013701,19.10027402
71,140.3928852,280.7857704,0.006096275,0.12192549,0.007936799,0.158735988,0.308048942,6.160978837,0.006993994,0.139879875,0.005157549,0.103150971,0.942972493,18.85944986
72,140.6621589,281.3243177,0.005969636,0.119392717,0.007762255,0.155245092,0.301275037,6.025500742,0.006862526,0.137250528,0.005081132,0.101622638,0.931040286,18.62080572
73,140.9263154,281.8526307,0.005845611,0.116912221,0.007591721,0.15183443,0.294656795,5.893135893,0.006733631,0.134672618,0.005005771,0.100115423,0.919217457,18.38434914
74,141.1854523,282.3709046,0.005724147,0.114482943,0.007425101,0.148502018,0.288190369,5.763807388,0.006607253,0.132145052,0.004931453,0.098629065,0.907504324,18.15008647
75,141.4396653,282.8793305,0.005605192,0.112103847,0.007262296,0.145245929,0.281872022,5.637440439,0.006483338,0.129666762,0.004858165,0.097163303,0.895901144,17.91802287
76,141.6890482,283.3780964,0.005488696,0.109773912,0.007103214,0.142064288,0.275698115,5.5139623,0.006361835,0.127236709,0.004785894,0.095717881,0.884408118,17.68816236
77,141.9336931,283.8673861,0.005374607,0.10749214,0.006947764,0.138955271,0.26966511,5.393302207,0.006242694,0.124853877,0.004714627,0.094292545,0.873025394,17.46050789
78,142.1736902,284.3473804,0.005262878,0.105257552,0.006795855,0.135917102,0.263769566,5.275391314,0.006125864,0.122517277,0.004644352,0.092887043,0.861753067,17.23506135
79,142.4091282,284.8182563,0.005153459,0.103069186,0.006647403,0.132948056,0.258008132,5.160162637,0.006011297,0.12022594,0.004575056,0.091501127,0.850591183,17.01182366
80,142.6400938,285.2801876,0.005046305,0.100926102,0.006502323,0.130046452,0.25237755,5.047550993,0.005898946,0.117978926,0.004506728,0.090134552,0.83953974,16.79079479
81,142.8666723,285.7333446,0.004941369,0.098827374,0.006360533,0.127210655,0.246874647,4.937492948,0.005788766,0.115775311,0.004439354,0.088787074,0.828598689,16.57197379
82,143.0889472,286.1778944,0.004838605,0.096772097,0.006221954,0.124439073,0.241496338,4.829926763,0.00568071,0.113614199,0.004372923,0.087458453,0.817767942,16.35535884
83,143.3070006,286.6140011,0.004737969,0.094759384,0.006086508,0.121730158,0.236239617,4.724792342,0.005574735,0.11149471,0.004307423,0.086148451,0.807047365,16.14094729
84,143.5209127,287.0418254,0.004639418,0.092788364,0.00595412,0.119082402,0.231101559,4.622031184,0.005470799,0.109415988,0.004242842,0.084856832,0.796436786,15.92873572
85,143.7307625,287.4615249,0.004542909,0.090858183,0.005824717,0.116494335,0.226079317,4.521586332,0.00536886,0.107377196,0.004179168,0.083583365,0.785935995,15.7187199
86,143.9366273,287.8732545,0.0044484,0.088968005,0.005698227,0.11396453,0.221170117,4.423402331,0.005268876,0.105377516,0.004116391,0.082327818,0.775544747,15.51089494
87,144.1385829,288.2771659,0.004355851,0.08711701,0.00557458,0.111491594,0.216371259,4.327425181,0.005170807,0.103416149,0.004054498,0.081089965,0.76526276,15.3052552
88,144.3367039,288.6734079,0.00426522,0.085304395,0.005453709,0.109074172,0.211680115,4.233602294,0.005074616,0.101492317,0.003993479,0.079869579,0.755089721,15.10179442
89,144.5310632,289.0621264,0.004176469,0.08352937,0.005335547,0.106710943,0.207094123,4.141882453,0.004980263,0.099605255,0.003933322,0.078666439,0.745025285,14.90050569
90,144.7217324,289.4434648,0.004089558,0.081791165,0.005220031,0.104400622,0.202610789,4.052215771,0.004887711,0.09775422,0.003874016,0.077480323,0.735069076,14.70138152
91,144.9087818,289.8175635,0.004004451,0.080089023,0.005107098,0.102141957,0.198227683,3.964553653,0.004796924,0.095938482,0.003815551,0.076311014,0.725220692,14.50441383
92,145.0922801,290.1845602,0.00392111,0.078422201,0.004996686,0.099933726,0.193942438,3.878848757,0.004707867,0.094157332,0.003757915,0.075158297,0.715479701,14.30959401
93,145.2722951,290.5445902,0.003839499,0.076789974,0.004888737,0.097774742,0.189752748,3.795054959,0.004620504,0.092410072,0.003701098,0.074021957,0.705845647,14.11691294
94,145.448893,290.897786,0.003759581,0.075191629,0.004783192,0.095663846,0.185656366,3.71312732,0.004534801,0.090696023,0.003645089,0.072901785,0.69631805,13.92636099
95,145.6221388,291.2442775,0.003681323,0.073626469,0.004679995,0.093599909,0.181651102,3.633022045,0.004450726,0.089014521,0.003589879,0.071797571,0.686896404,13.73792808
96,145.7920963,291.5841925,0.00360469,0.072093809,0.004579092,0.091581831,0.177734823,3.554696457,0.004368246,0.087364914,0.003535455,0.070709109,0.677580184,13.55160369
97,145.958828,291.917656,0.003529649,0.070592979,0.004480427,0.089608541,0.173905448,3.478108964,0.004287328,0.085746568,0.00348181,0.069636195,0.668368843,13.36737686
98,146.1223953,292.2447907,0.003456166,0.069123323,0.00438395,0.087678993,0.170160951,3.403219025,0.004207943,0.084158861,0.003428931,0.068578628,0.659261813,13.18523626
99,146.2828585,292.565717,0.00338421,0.067684199,0.004289608,0.08579217,0.166499356,3.329987122,0.004130059,0.082601185,0.00337681,0.067536208,0.650258508,13.00517017
100,146.4402765,292.8805531,0.003313749,0.066274974,0.004197354,0.083947078,0.162918737,3.258374734,0.004053647,0.081072944,0.003325437,0.066508738,0.641358326,12.82716651
101,146.5947073,293.1894146,0.003244752,0.064895033,0.004107137,0.082142749,0.159417215,3.188344304,0.003978678,0.079573558,0.003274801,0.065496021,0.632560645,12.65121289
102,146.7462077,293.4924154,0.003177188,0.06354377,0.004018912,0.080378239,0.155992961,3.119859216,0.003905123,0.078102456,0.003224893,0.064497866,0.623864829,12.47729658
103,146.8948334,293.7896667,0.00311103,0.062220592,0.003932631,0.07865263,0.152644188,3.052883767,0.003832954,0.076659082,0.003175704,0.063514082,0.615270228,12.30540456
104,147.040639,294.081278,0.003046246,0.060924919,0.003848251,0.076965022,0.149369157,2.987383141,0.003762145,0.075242892,0.003127224,0.062544479,0.606776177,12.13552353
105,147.1836783,294.3673565,0.002982809,0.059656182,0.003765727,0.075314542,0.146166169,2.923323387,0.003692668,0.073853351,0.003079444,0.061588871,0.598381996,11.96763993
106,147.3240037,294.6480074,0.002920691,0.058413824,0.003685017,0.073700336,0.14303357,2.860671393,0.003624497,0.072489937,0.003032354,0.060647074,0.590086997,11.80173995
107,147.4616669,294.9233339,0.002859865,0.057197298,0.003606079,0.072121571,0.139969743,2.799394864,0.003557607,0.071152141,0.002985945,0.059718906,0.581890477,11.63780954
108,147.5967186,295.1934372,0.002800304,0.056006071,0.003528872,0.070577436,0.136973115,2.7394623,0.003491973,0.069839462,0.002940209,0.058804185,0.573791723,11.47583447
109,147.7292083,295.4584165,0.002741981,0.054839618,0.003453357,0.069067139,0.134042149,2.680842974,0.003427571,0.06855141,0.002895137,0.057902733,0.565790013,11.31580027
110,147.8591847,295.7183694,0.002684871,0.053697427,0.003379495,0.067589908,0.131175345,2.623506908,0.003364375,0.067287507,0.002850719,0.057014375,0.557884615,11.1576923
111,147.9866956,295.9733913,0.00262895,0.052578994,0.003307249,0.066144988,0.128371243,2.56742486,0.003302364,0.066047284,0.002806947,0.056138936,0.550074788,11.00149575
112,148.111788,296.2235759,0.002574191,0.051483828,0.003236582,0.064731645,0.125628415,2.512568296,0.003241514,0.064830281,0.002763812,0.055276243,0.542359782,10.84719565
113,148.2345076,296.4690152,0.002520572,0.050411445,0.003167458,0.063349161,0.122945469,2.458909377,0.003181802,0.063636048,0.002721306,0.054426126,0.534738844,10.69477687
114,148.3548997,296.7097994,0.002468069,0.049361375,0.003099842,0.061996837,0.120321047,2.406420939,0.003123207,0.062464146,0.002679421,0.053588418,0.527211209,10.54422417
115,148.4730085,296.9460169,0.002416658,0.048333154,0.003033699,0.060673988,0.117753824,2.355076471,0.003065707,0.061314143,0.002638148,0.05276295,0.519776108,10.39552216
116,148.5888773,297.1777546,0.002366316,0.047326329,0.002968997,0.059379948,0.115242505,2.304850105,0.003009281,0.060185617,0.002597478,0.05194956,0.512432768,10.24865536
117,148.7025487,297.4050974,0.002317023,0.046340456,0.002905703,0.058114067,0.11278583,2.255716592,0.002953908,0.059078155,0.002557404,0.051148084,0.505180409,10.10360818
118,148.8140645,297.628129,0.002268755,0.0453751,0.002843785,0.056875709,0.110382565,2.207651291,0.002899568,0.05799135,0.002517918,0.050358361,0.498018246,9.960364928
119,148.9234656,297.8469313,0.002221492,0.044429836,0.002783213,0.055664255,0.108031507,2.160630147,0.00284624,0.056924808,0.002479012,0.049580233,0.490945492,9.81890985
120,149.0307922,298.0615845,0.002175212,0.043504247,0.002723955,0.0544791,0.105731484,2.114629685,0.002793907,0.055878138,0.002440677,0.048813542,0.483961356,9.679227111
121,149.1360838,298.2721675,0.002129896,0.042597924,0.002665983,0.053319654,0.103481349,2.069626984,0.002742548,0.054850961,0.002402907,0.048058134,0.477065041,9.541300817
122,149.2393788,298.4787577,0.002085523,0.041710467,0.002609267,0.052185338,0.101279983,2.02559967,0.002692145,0.053842903,0.002365693,0.047313856,0.470255751,9.40511502
123,149.3407154,298.6814308,0.002042074,0.040841485,0.00255378,0.051075592,0.099126295,1.9825259,0.00264268,0.052853598,0.002329028,0.046580554,0.463532686,9.270653727
124,149.4401307,298.8802613,0.00199953,0.039990593,0.002499493,0.049989864,0.097019217,1.940384348,0.002594135,0.05188269,0.002292904,0.045858081,0.456895046,9.13790091
125,149.5376611,299.0753222,0.001957871,0.039157417,0.002446381,0.04892762,0.09495771,1.89915419,0.002546491,0.050929827,0.002257314,0.045146288,0.450342026,9.006840511
126,149.6333425,299.266685,0.001917079,0.038341587,0.002394417,0.047888333,0.092940755,1.858815095,0.002499733,0.049994665,0.002222251,0.044445028,0.443872823,8.877456452
127,149.72721,299.45442,0.001877137,0.037542744,0.002343575,0.046871494,0.09096736,1.819347208,0.002453843,0.049076867,0.002187708,0.043754158,0.437486632,8.749732641
128,149.8192981,299.6385961,0.001838027,0.036760534,0.00229383,0.045876602,0.089036557,1.780731142,0.002408805,0.048176105,0.002153677,0.043073535,0.431182649,8.623652979
129,149.9096404,299.8192809,0.001799731,0.035994612,0.002245159,0.04490317,0.087147398,1.742947962,0.002364603,0.047292052,0.002120151,0.042403017,0.424960068,8.499201367
130,149.9982703,299.9965406,0.001762232,0.03524464,0.002197536,0.043950721,0.085298959,1.705979178,0.00232122,0.046424394,0.002087123,0.041742465,0.418818086,8.376361713
131,150.0852201,300.1704403,0.001725514,0.034510285,0.002150939,0.04301879,0.083490336,1.669806728,0.002278641,0.04557282,0.002054587,0.041091742,0.412755897,8.255117936
132,150.1705219,300.3410438,0.001689561,0.033791223,0.002105346,0.042106921,0.081720649,1.634412974,0.002236851,0.044737023,0.002022536,0.040450712,0.406772699,8.135453973
133,150.2542068,300.5084136,0.001654357,0.033087137,0.002060734,0.041214672,0.079989034,1.599780686,0.002195835,0.043916707,0.001990962,0.039819241,0.400867689,8.017353786
134,150.3363056,300.6726112,0.001619886,0.032397714,0.00201708,0.040341609,0.078294652,1.565893034,0.002155579,0.043111579,0.00195986,0.039197195,0.395040068,7.900801365
135,150.4168484,300.8336968,0.001586132,0.031722649,0.001974365,0.039487307,0.076636679,1.532733578,0.002116068,0.042321352,0.001929222,0.038584444,0.389289037,7.785780735
136,150.4958647,300.9917295,0.001553082,0.031061645,0.001932568,0.038651353,0.075014313,1.500286258,0.002077287,0.041545744,0.001899043,0.037980858,0.383613798,7.67227596
137,150.5733836,301.1467672,0.00152072,0.030414408,0.001891667,0.037833343,0.073426769,1.468535383,0.002039224,0.04078448,0.001869315,0.03738631,0.378013557,7.560271148
138,150.6494334,301.2988667,0.001489033,0.029780653,0.001851644,0.037032882,0.071873281,1.437465627,0.002001864,0.04003729,0.001840034,0.036800673,0.372487523,7.449750453
139,150.724042,301.4480839,0.001458005,0.029160098,0.001812479,0.036249584,0.070353101,1.407062011,0.001965195,0.039303908,0.001811191,0.036223822,0.367034904,7.340698085
140,150.7972367,301.5944735,0.001427624,0.02855247,0.001774154,0.035483072,0.068865495,1.377309905,0.001929204,0.038584076,0.001782782,0.035655635,0.361654915,7.233098308
141,150.8690445,301.738089,0.001397875,0.027957499,0.001736649,0.034732977,0.067409751,1.348195011,0.001893877,0.037877539,0.0017548,0.03509599,0.356346772,7.126935448
142,150.9394916,301.8789832,0.001368746,0.027374921,0.001699947,0.03399894,0.065985168,1.319703359,0.001859202,0.037184046,0.001727238,0.034544766,0.351109695,7.022193894
143,151.0086039,302.0172078,0.001340224,0.02680448,0.00166403,0.033280609,0.064591065,1.291821299,0.001825168,0.036503353,0.001700092,0.034001846,0.345942905,6.918858104
144,151.0764066,302.1528133,0.001312296,0.026245922,0.001628882,0.032577639,0.063226775,1.26453549,0.001791761,0.03583522,0.001673356,0.033467111,0.34084563,6.816912606
145,151.1429247,302.2858494,0.00128495,0.025699,0.001594485,0.031889696,0.061891645,1.237832897,0.001758971,0.035179412,0.001647022,0.032940447,0.3358171,6.716342003
146,151.2081825,302.416365,0.001258174,0.025163471,0.001560823,0.031216451,0.060585039,1.211700779,0.001726785,0.034535697,0.001621087,0.032421739,0.330856549,6.617130975
147,151.2722039,302.5444079,0.001231955,0.0246391,0.001527879,0.030557583,0.059306334,1.186126687,0.001695192,0.033903849,0.001595544,0.031910875,0.325963214,6.519264281
148,151.3350125,302.6700249,0.001206283,0.024125653,0.001495639,0.029912778,0.058054923,1.161098451,0.001664182,0.033283647,0.001570387,0.031407742,0.321136338,6.422726764
149,151.3966311,302.7932621,0.001181145,0.023622903,0.001464087,0.029281731,0.056830209,1.136604179,0.001633744,0.032674872,0.001545612,0.030912232,0.316375168,6.327503354
150,151.4570824,302.9141647,0.001156531,0.023130627,0.001433207,0.028664141,0.055631612,1.112632247,0.001603866,0.032077312,0.001521212,0.030424236,0.311678953,6.233579065
151,151.5163885,303.032777,0.00113243,0.022648608,0.001402986,0.028059716,0.054458565,1.089171291,0.001574538,0.031490756,0.001497182,0.029943646,0.30704695,6.140939006
152,151.5745711,303.1491423,0.001108832,0.022176631,0.001373408,0.02746817,0.05331051,1.066210207,0.00154575,0.030914999,0.001473518,0.029470357,0.302478419,6.049568374
153,151.6316517,303.2633034,0.001085724,0.021714488,0.001344461,0.026889222,0.052186907,1.043738137,0.001517492,0.03034984,0.001450213,0.029004264,0.297972623,5.959452464
154,151.687651,303.375302,0.001063099,0.021261974,0.00131613,0.026322601,0.051087223,1.021744469,0.001489754,0.029795082,0.001427263,0.028545266,0.293528833,5.870576664
155,151.7425896,303.4851791,0.001040944,0.020818888,0.001288402,0.025768037,0.050010941,1.00021883,0.001462526,0.02925053,0.001404663,0.028093258,0.289146323,5.782926464
156,151.7964875,303.5929751,0.001019252,0.020385035,0.001261264,0.025225271,0.048957554,0.979151077,0.0014358,0.028715994,0.001382407,0.027648143,0.284824373,5.696487451
157,151.8493647,303.6987293,0.000998011,0.019960221,0.001234702,0.024694046,0.047926565,0.958531296,0.001409564,0.028191288,0.001360491,0.02720982,0.280562266,5.611245314
158,151.9012403,303.8024806,0.000977213,0.019544259,0.001208706,0.024174112,0.04691749,0.938349793,0.001383811,0.02767623,0.00133891,0.026778191,0.276359292,5.527185847
159,151.9521334,303.9042668,0.000956848,0.019136964,0.001183261,0.023665227,0.045929855,0.918597092,0.001358532,0.027170639,0.001317658,0.02635316,0.272214747,5.444294946
160,152.0020627,304.0041253,0.000936908,0.018738155,0.001158357,0.02316715,0.044963196,0.899263928,0.001333717,0.026674339,0.001296732,0.025934632,0.268127931,5.362558614
161,152.0510463,304.1020927,0.000917383,0.018347657,0.001133982,0.022679648,0.044017062,0.880341241,0.001309358,0.026187159,0.001276126,0.025522513,0.264098148,5.281962961
162,152.0991024,304.1982047,0.000898265,0.017965296,0.001110125,0.022202494,0.043091009,0.861820173,0.001285446,0.025708928,0.001255836,0.02511671,0.26012471,5.202494205
163,152.1462483,304.2924966,0.000879545,0.017590902,0.001086773,0.021735463,0.042184603,0.843692063,0.001261974,0.025239481,0.001235857,0.024717132,0.256206934,5.124138673
164,152.1925015,304.3850029,0.000861215,0.017224309,0.001063917,0.021278339,0.041297422,0.825948444,0.001238933,0.024778655,0.001216184,0.024323687,0.25234414,5.046882801
165,152.2378787,304.4757575,0.000843268,0.016865355,0.001041545,0.020830907,0.040429052,0.808581034,0.001216314,0.024326289,0.001196814,0.023936288,0.248535657,4.970713137
166,152.2823968,304.5647935,0.000825694,0.016513882,0.001019648,0.020392959,0.039579087,0.791581735,0.001194111,0.023882227,0.001177742,0.023554845,0.244780817,4.895616342
167,152.3260718,304.6521436,0.000808487,0.016169732,0.000998215,0.01996429,0.038747131,0.774942629,0.001172316,0.023446314,0.001158964,0.023179273,0.241078959,4.821579188
168,152.3689199,304.7378397,0.000791638,0.015832753,0.000977235,0.019544702,0.037932799,0.758655973,0.00115092,0.023018401,0.001140474,0.022809485,0.237429428,4.748588559
169,152.4109566,304.8219132,0.00077514,0.015502797,0.0009567,0.019134,0.03713571,0.742714193,0.001129917,0.022598338,0.00112227,0.022445398,0.233831573,4.676631454
170,152.4521974,304.9043949,0.000758986,0.015179717,0.0009366,0.018731991,0.036355494,0.727109883,0.001109299,0.022185981,0.001104346,0.022086927,0.230284749,4.605694987
171,152.4926574,304.9853149,0.000743168,0.014863369,0.000916925,0.018338491,0.03559179,0.711835802,0.001089059,0.021781187,0.0010867,0.02173399,0.226788319,4.535766384
172,152.5323514,305.0647028,0.000727681,0.014553613,0.000897666,0.017953315,0.034844243,0.696884867,0.001069191,0.021383815,0.001069325,0.021386507,0.223341649,4.466832989
173,152.5712938,305.1425877,0.000712516,0.014250313,0.000878814,0.017576287,0.034112507,0.682250148,0.001049686,0.02099373,0.00105222,0.021044397,0.219944113,4.398882259
174,152.609499,305.2189981,0.000697667,0.013953332,0.000860362,0.017207231,0.033396244,0.667924871,0.00103054,0.020610795,0.001035379,0.020707582,0.216595088,4.331901768
175,152.6469809,305.2939619,0.000683127,0.013662541,0.000842299,0.016845976,0.03269512,0.65390241,0.001011744,0.020234878,0.001018799,0.020375982,0.21329396,4.265879206
176,152.6837533,305.3675065,0.00066889,0.013377809,0.000824618,0.016492356,0.032008814,0.640176282,0.000993293,0.019865851,0.001002476,0.020049522,0.210040119,4.200802376
177,152.7198295,305.4396589,0.000654951,0.013099011,0.00080731,0.016146207,0.031337007,0.626740147,0.000975179,0.019503586,0.000986406,0.019728126,0.20683296,4.136659201
178,152.7552228,305.5104455,0.000641301,0.012826023,0.000790368,0.015807369,0.03067939,0.613587806,0.000957398,0.019147958,0.000970586,0.019411719,0.203671886,4.073437717
179,152.7899461,305.5798921,0.000627936,0.012558724,0.000773784,0.015475686,0.03003566,0.600713192,0.000939942,0.018798844,0.000955011,0.019100227,0.200556304,4.011126079
180,152.8240121,305.6480241,0.00061485,0.012296996,0.00075755,0.015151006,0.029405519,0.588110372,0.000922806,0.018456124,0.000939679,0.018793577,0.197485628,3.949712555
181,152.8574332,305.7148665,0.000602036,0.012040721,0.000741659,0.014833179,0.028788677,0.575773544,0.000905984,0.018119681,0.000924585,0.018491698,0.194459277,3.889185531
182,152.8902218,305.7804437,0.000589489,0.011789787,0.000726103,0.014522058,0.028184851,0.563697029,0.00088947,0.017789397,0.000909726,0.018194519,0.191476675,3.82953351
183,152.9223898,305.8447796,0.000577204,0.011544083,0.000710875,0.0142175,0.027593764,0.551875275,0.000873258,0.017465161,0.000895098,0.017901969,0.188537255,3.770745106
184,152.9539489,305.9078978,0.000565175,0.011303499,0.000695968,0.013919366,0.027015142,0.540302849,0.000857343,0.017146861,0.000880699,0.017613981,0.185640453,3.712809055
185,152.9849107,305.9698214,0.000553396,0.011067929,0.000681376,0.013627518,0.026448722,0.528974437,0.000841719,0.016834386,0.000866524,0.017330487,0.18278571,3.655714202
186,153.0152865,306.030573,0.000541863,0.010837268,0.000667091,0.013341823,0.025894242,0.51788484,0.000826381,0.01652763,0.000852571,0.017051418,0.179972476,3.599449512
187,153.0450874,306.0901748,0.000530571,0.010611414,0.000653107,0.01306215,0.025351449,0.507028972,0.000811324,0.016226487,0.000838835,0.01677671,0.177200203,3.544004062
188,153.0743243,306.1486487,0.000519513,0.010390267,0.000639418,0.01278837,0.024820093,0.496401858,0.000796543,0.015930854,0.000825315,0.016506297,0.174468352,3.489367045
189,153.1030079,306.2060159,0.000508686,0.010173729,0.000626018,0.012520358,0.024299931,0.485998629,0.000782031,0.01564063,0.000812006,0.016240115,0.171776388,3.435527766
190,153.1311487,306.2622975,0.000498085,0.009961703,0.0006129,0.012257991,0.023790726,0.475814524,0.000767786,0.015355714,0.000798905,0.0159781,0.169123782,3.382475645
191,153.158757,306.3175139,0.000487705,0.009754096,0.000600057,0.012001149,0.023292244,0.465844884,0.0007538,0.01507601,0.00078601,0.015720191,0.166510011,3.330200215
192,153.1858428,306.3716855,0.000477541,0.009550815,0.000587486,0.011749715,0.022804257,0.45608515,0.000740071,0.014801421,0.000773316,0.015466325,0.163934556,3.278691122
193,153.212416,306.424832,0.000467589,0.009351771,0.000575179,0.011503574,0.022326543,0.446530862,0.000726593,0.014531853,0.000760822,0.015216443,0.161396906,3.227938124
194,153.2384864,306.4769728,0.000457844,0.009156875,0.000563131,0.011262614,0.021858883,0.437177656,0.000713361,0.014267214,0.000748524,0.014970483,0.158896555,3.177931092
195,153.2640635,306.528127,0.000448302,0.008966041,0.000551336,0.011026724,0.021401063,0.428021265,0.000700371,0.014007413,0.000736419,0.014728387,0.156433,3.128660005
196,153.2891567,306.5783133,0.000438959,0.008779184,0.00053979,0.010795797,0.020952875,0.41905751,0.000687618,0.013752361,0.000724505,0.014490097,0.154005748,3.080114957
197,153.313775,306.62755,0.000429811,0.008596221,0.000528486,0.010569727,0.020514115,0.410282305,0.000675099,0.013501971,0.000712778,0.014255556,0.151614307,3.03228615
198,153.3379275,306.675855,0.000420854,0.008417071,0.000517421,0.010348412,0.020084582,0.40169165,0.000662808,0.013256158,0.000701235,0.014024706,0.149258195,2.985163894
199,153.3616231,306.7232462,0.000412083,0.008241655,0.000506588,0.01013175,0.019664082,0.393281632,0.000650742,0.013014836,0.000689875,0.013797493,0.146936931,2.938738611
200,153.3848703,306.7697406,0.000403495,0.008069894,0.000495982,0.009919644,0.019252421,0.385048424,0.000638896,0.012777925,0.000678693,0.013573861,0.144650041,2.89300083